P(bar),L(mmol/g)
0.00314960629921,4.39484978541
0.00787401574803,6.40343347639
0.0141732283465,6.66094420601
0.0220472440945,6.7982832618
0.0299212598425,6.90128755365
0.0488188976378,7.07296137339
0.0787401574803,7.22746781116
0.0992125984252,7.27896995708
0.133858267717,7.3991416309
0.165354330709,7.48497854077
0.19842519685,7.55364806867
0.251968503937,7.58798283262
0.300787401575,7.70815450644
0.349606299213,7.70815450644
0.4,7.81115879828
0.448818897638,7.84549356223
0.502362204724,7.87982832618
0.548031496063,7.89699570815
0.6,7.89699570815
0.648818897638,7.9313304721
0.699212598425,7.98283261803
0.8,8
0.900787401575,8.05150214592
0.949606299213,8.0686695279
1,8.08583690987
